{
    "$schema": "https://schema.management.azure.com/schemas/2015-01-01/deploymentParameters.json#",
    "contentVersion": "1.0.0.0",
    "parameters": {
        "subscriptionId": {
            "value": "1acb58b9-2c42-4879-bb38-e432975465a1"
        },
        "name": {
            "value": "saka-aspnetcore-docker"
        },
        "location": {
            "value": "Central US"
        },
        "hostingPlanName": {
            "value": "ASP-Dockertst-898f"
        },
        "serverFarmResourceGroup": {
            "value": "Dockertst"
        },
        "alwaysOn": {
            "value": false
        },
        "sku": {
            "value": "Free"
        },
        "skuCode": {
            "value": "F1"
        },
        "workerSize": {
            "value": "0"
        },
        "workerSizeId": {
            "value": "0"
        },
        "numberOfWorkers": {
            "value": "1"
        },
        "linuxFxVersion": {
            "value": "DOCKER|jmsaka/aspnetcore-on-docker:dockv1"
        },
        "dockerRegistryUrl": {
            "value": "https://index.docker.io"
        },
        "dockerRegistryUsername": {
            "value": "jmsaka"
        },
        "dockerRegistryPassword": {
            "value": null
        },
        "dockerRegistryStartupCommand": {
            "value": "docker pull jmsaka/aspnetcore-on-docker:dockv1"
        }
    }
}